{
  "column_name": "cloud-cover_land-wtd",
  "total_samples": 75363,
  "valid_samples": 75363,
  "missing_rate": 0.0,
  "metrics": {
    "rmse": 0.03765012408551252,
    "mae": 0.023558134186094856,
    "r2": 0.9656383597946107,
    "mape": 4.6123554457087685,
    "smape": 4.53692374412642
  }
}