{
  "column_name": "humidity_land-wtd",
  "total_samples": 75363,
  "valid_samples": 75344,
  "missing_rate": 0.02521131059007736,
  "metrics": {
    "rmse": 0.0004899626045540619,
    "mae": 0.00023639130742549724,
    "r2": 0.9697046581723352,
    "mape": 1.5606359456067762,
    "smape": 1.566540092547288
  }
}