{
  "column_name": "precipitation_pop-wtd",
  "total_samples": 75361,
  "valid_samples": 75361,
  "missing_rate": 0.0,
  "metrics": {
    "rmse": 0.12428004563686511,
    "mae": 0.058220769363463855,
    "r2": 0.7337693313953841,
    "mape": 7491979.884139487,
    "smape": NaN
  }
}