{
  "column_name": "cloud-cover_pop-wtd",
  "total_samples": 75361,
  "valid_samples": 75360,
  "missing_rate": 0.0013269462984833004,
  "metrics": {
    "rmse": 0.07647623472148861,
    "mae": 0.04653498142250531,
    "r2": 0.8548722996962203,
    "mape": 8.938831693674926,
    "smape": 8.74934140173041
  }
}