{
  "column_name": "wind-speed_pop-wtd",
  "total_samples": 75365,
  "valid_samples": 75365,
  "missing_rate": 0.0,
  "metrics": {
    "rmse": 0.06490719185653049,
    "mae": 0.04198257811981689,
    "r2": 0.99191685170314,
    "mape": 2.352109115375635,
    "smape": 2.3549846171283426
  }
}