{
  "column_name": "air-density_pop-wtd",
  "total_samples": 75361,
  "valid_samples": 75360,
  "missing_rate": 0.0013269462984833004,
  "metrics": {
    "rmse": 0.0024994723434664592,
    "mae": 0.0009219851380042458,
    "r2": 0.9690157924188841,
    "mape": 0.08062131121937746,
    "smape": 0.08050079614407102
  }
}