{
  "column_name": "humidity_pop-wtd",
  "total_samples": 75361,
  "valid_samples": 75357,
  "missing_rate": 0.005307785193933202,
  "metrics": {
    "rmse": 0.000585169546335973,
    "mae": 0.0003225075308199636,
    "r2": 0.9506523226744936,
    "mape": 2.0141521732966887,
    "smape": 2.0152887480117614
  }
}