{
  "column_name": "wind-speed_land-wtd",
  "total_samples": 75361,
  "valid_samples": 75360,
  "missing_rate": 0.0013269462984833004,
  "metrics": {
    "rmse": 0.1282922910492878,
    "mae": 0.0841145966029724,
    "r2": 0.9536251525848459,
    "mape": 5.857029417921059,
    "smape": 5.865104203685569
  }
}