{
  "column_name": "air-density_pop-wtd",
  "total_samples": 75365,
  "valid_samples": 75363,
  "missing_rate": 0.0026537517415245807,
  "metrics": {
    "rmse": 0.00332084493660524,
    "mae": 0.00041962236110558226,
    "r2": 0.9453082765477372,
    "mape": 0.03669488126761532,
    "smape": 0.03638450878946146
  }
}