{
  "column_name": "wind-speed_land-wtd",
  "total_samples": 75363,
  "valid_samples": 75363,
  "missing_rate": 0.0,
  "metrics": {
    "rmse": 0.09071485429663959,
    "mae": 0.05825059158119147,
    "r2": 0.9768156544637868,
    "mape": 4.069775245590655,
    "smape": 4.063062719739636
  }
}