{
    "epoch": 10.0,
    "total_flos": 3.043791213820416e+17,
    "train_loss": 0.09378853459875824,
    "train_runtime": 31144.5881,
    "train_samples": 263831,
    "train_samples_per_second": 84.712,
    "train_steps_per_second": 5.295
}