{
  "column_name": "precipitation_land-wtd",
  "total_samples": 75363,
  "valid_samples": 75363,
  "missing_rate": 0.0,
  "metrics": {
    "rmse": 0.08076924172329417,
    "mae": 0.03774693594115592,
    "r2": 0.870918259971419,
    "mape": 5272286.9287056895,
    "smape": NaN
  }
}