{
  "column_name": "humidity_pop-wtd",
  "total_samples": 75363,
  "valid_samples": 75360,
  "missing_rate": 0.003980733251064846,
  "metrics": {
    "rmse": 0.000502739311459353,
    "mae": 0.0002489516985138004,
    "r2": 0.9635846711392629,
    "mape": 1.556719630295671,
    "smape": 1.5580453686734186
  }
}