{
    "epoch": 10.0,
    "total_flos": 5.6491211857526784e+17,
    "train_loss": 0.05677073002439907,
    "train_runtime": 30346.0096,
    "train_samples": 263833,
    "train_samples_per_second": 86.942,
    "train_steps_per_second": 5.434
}