{
    "epoch": 10.0,
    "total_flos": 3.04383736141056e+17,
    "train_loss": 0.0854163675499078,
    "train_runtime": 19085.6916,
    "train_samples": 263835,
    "train_samples_per_second": 138.237,
    "train_steps_per_second": 8.64
}