{
  "column_name": "cloud-cover_land-wtd",
  "total_samples": 75363,
  "valid_samples": 75363,
  "missing_rate": 0.0,
  "metrics": {
    "rmse": 0.039291230232035984,
    "mae": 0.024674128329993945,
    "r2": 0.9625775414124637,
    "mape": 4.8253509271745605,
    "smape": 4.7427930107988265
  }
}