{
    "epoch": 10.0,
    "total_flos": 6.32664380986583e+17,
    "train_loss": 0.06362698863823534,
    "train_runtime": 33344.4307,
    "train_samples": 263831,
    "train_samples_per_second": 79.123,
    "train_steps_per_second": 4.945
}