{
    "epoch": 10.0,
    "total_flos": 3.043814287615488e+17,
    "train_loss": 0.08654801778752852,
    "train_runtime": 20120.6851,
    "train_samples": 263833,
    "train_samples_per_second": 131.125,
    "train_steps_per_second": 8.196
}