{
    "epoch": 10.0,
    "total_flos": 2.4097056749779968e+17,
    "train_loss": 1.0187261470149256,
    "train_runtime": 17551.849,
    "train_samples": 263835,
    "train_samples_per_second": 150.317,
    "train_steps_per_second": 9.395
}