{
    "epoch": 10.0,
    "total_flos": 5.458089323321395e+17,
    "train_loss": 0.7128408652005447,
    "train_runtime": 29076.5863,
    "train_samples": 263833,
    "train_samples_per_second": 90.737,
    "train_steps_per_second": 5.671
}