{
    "epoch": 10.0,
    "total_flos": 6.248766599664998e+17,
    "train_loss": 1.110663016454027,
    "train_runtime": 33159.305,
    "train_samples": 263831,
    "train_samples_per_second": 79.565,
    "train_steps_per_second": 4.973
}