{
    "epoch": 10.0,
    "total_flos": 3.123566778882816e+17,
    "train_loss": 1.4343096982124286,
    "train_runtime": 23112.7658,
    "train_samples": 263833,
    "train_samples_per_second": 114.15,
    "train_steps_per_second": 7.135
}