{
    "epoch": 10.0,
    "total_flos": 5.139617144189184e+17,
    "train_loss": 0.1849571526448173,
    "train_runtime": 27992.1562,
    "train_samples": 263833,
    "train_samples_per_second": 94.252,
    "train_steps_per_second": 5.891
}