{
  "column_name": "cloud-cover_land-wtd",
  "total_samples": 75361,
  "valid_samples": 75359,
  "missing_rate": 0.002653892596966601,
  "metrics": {
    "rmse": 0.06118789023001449,
    "mae": 0.038157594978701956,
    "r2": 0.9092297521418838,
    "mape": 7.546851600820957,
    "smape": 7.251285985745587
  }
}