{
  "column_name": "temperature_land-wtd",
  "total_samples": 75361,
  "valid_samples": 75359,
  "missing_rate": 0.002653892596966601,
  "metrics": {
    "rmse": 0.3077871529651746,
    "mae": 0.1773574861662177,
    "r2": 0.993789373712514,
    "mape": 0.6805305187443508,
    "smape": 0.6795093988261212
  }
}