{
  "column_name": "irradiance-surface_land-wtd",
  "total_samples": 75363,
  "valid_samples": 75363,
  "missing_rate": 0.0,
  "metrics": {
    "rmse": 13.06145250791582,
    "mae": 6.01030908182176,
    "r2": 0.9976337389382341,
    "mape": 889048.4515634979,
    "smape": NaN
  }
}