{
    "epoch": 10.0,
    "total_flos": 3.130588705621248e+17,
    "train_loss": 1.4315882538563558,
    "train_runtime": 19682.0062,
    "train_samples": 263833,
    "train_samples_per_second": 134.048,
    "train_steps_per_second": 8.378
}