{
  "column_name": "air-density_land-wtd",
  "total_samples": 75363,
  "valid_samples": 75363,
  "missing_rate": 0.0,
  "metrics": {
    "rmse": 0.0010269512789394843,
    "mae": 0.0006049476091273778,
    "r2": 0.9954758876155176,
    "mape": 0.0535194170402345,
    "smape": 0.05352377065794855
  }
}