{
  "column_name": "irradiance-surface_pop-wtd",
  "total_samples": 75361,
  "valid_samples": 75360,
  "missing_rate": 0.0013269462984833004,
  "metrics": {
    "rmse": 24.730594675492387,
    "mae": 10.784912261146498,
    "r2": 0.9913278686316196,
    "mape": 57489388.90182185,
    "smape": NaN
  }
}