{
    "epoch": 10.0,
    "total_flos": 3.043791213820416e+17,
    "train_loss": 0.08433939326814335,
    "train_runtime": 21238.7789,
    "train_samples": 263831,
    "train_samples_per_second": 124.221,
    "train_steps_per_second": 7.764
}