{
  "column_name": "air-density_land-wtd",
  "total_samples": 75363,
  "valid_samples": 75363,
  "missing_rate": 0.0,
  "metrics": {
    "rmse": 0.001050963942815865,
    "mae": 0.0005900817819531237,
    "r2": 0.9952618442007829,
    "mape": 0.05220808243494346,
    "smape": 0.052216164104237794
  }
}