{
    "epoch": 10.0,
    "total_flos": 5.937290704435046e+17,
    "train_loss": 0.8991652378709191,
    "train_runtime": 33107.5976,
    "train_samples": 263831,
    "train_samples_per_second": 79.689,
    "train_steps_per_second": 4.981
}