{
  "column_name": "cloud-cover_pop-wtd",
  "total_samples": 77,
  "valid_samples": 77,
  "missing_rate": 0.0,
  "metrics": {
    "rmse": 0.07624703528407115,
    "mae": 0.050571428571428566,
    "r2": 0.7305078749966205,
    "mape": 12.271697538013257,
    "smape": 13.278774783845511
  }
}