{
    "epoch": 10.0,
    "total_flos": 3.130528273686835e+17,
    "train_loss": 1.4494262042025352,
    "train_runtime": 28571.6656,
    "train_samples": 263831,
    "train_samples_per_second": 92.34,
    "train_steps_per_second": 5.771
}