{
    "epoch": 10.0,
    "total_flos": 5.616189979976909e+17,
    "train_loss": 0.829103290426001,
    "train_runtime": 29557.1996,
    "train_samples": 263833,
    "train_samples_per_second": 89.262,
    "train_steps_per_second": 5.579
}