{
    "epoch": 10.0,
    "total_flos": 2.948861446202419e+17,
    "train_loss": 1.306008993487708,
    "train_runtime": 21013.9181,
    "train_samples": 263831,
    "train_samples_per_second": 125.551,
    "train_steps_per_second": 7.847
}