{
    "epoch": 10.0,
    "total_flos": 2.3355421683065856e+17,
    "train_loss": 1.5108299009231743,
    "train_runtime": 17360.0143,
    "train_samples": 263835,
    "train_samples_per_second": 151.979,
    "train_steps_per_second": 9.499
}