{
  "column_name": "humidity_land-wtd",
  "total_samples": 75361,
  "valid_samples": 75356,
  "missing_rate": 0.006634731492416501,
  "metrics": {
    "rmse": 0.0005456203593312848,
    "mae": 0.0002865651043048993,
    "r2": 0.9624362335651856,
    "mape": 1.8803663438492244,
    "smape": 1.880818212118993
  }
}